truck_id,truck_age,load_capacity_pounds,mileage_mpg,fuel_type
42302347,10,3000.0,17,gas
27867488,14,10000.0,22,diesel
13927774,8,10000.0,19,gas
69577118,8,20000.0,19,gas
28650047,10,4000.0,21,diesel
29303248,9,4000.0,15,gas
76304377,8,3000.0,20,diesel
21093078,8,,14,gas
41713749,9,,22,gas
14730346,11,15000.0,20,
45395833,9,6000.0,23,diesel
63115903,8,4000.0,16,gas
10633538,8,3000.0,21,diesel
32648498,15,,20,gas
30567382,10,6000.0,27,diesel
27799951,9,15000.0,16,gas
28678505,10,4000.0,16,gas
27565604,8,15000.0,16,gas
11490614,10,3000.0,19,gas
77945069,8,15000.0,18,gas
96362807,11,3000.0,14,gas
14370115,9,6000.0,17,gas
13680498,12,10000.0,23,diesel
12515055,5,3000.0,20,
14407628,8,10000.0,19,gas
29781564,10,4000.0,28,diesel
17743573,9,20000.0,26,diesel
25645401,12,6000.0,14,gas
24287743,11,4000.0,16,gas
33014292,7,10000.0,22,diesel
18910102,9,4000.0,17,gas
17139230,8,4000.0,23,diesel
21001184,11,15000.0,17,gas
27274345,10,15000.0,23,diesel
31908174,13,6000.0,17,gas
14541120,12,15000.0,14,gas
28389523,11,3000.0,26,diesel
33201533,7,4000.0,24,diesel
25886492,9,20000.0,18,gas
14654654,13,,18,gas
27381592,6,15000.0,14,gas
24123509,9,10000.0,15,gas
81904066,10,15000.0,22,diesel
22653688,8,6000.0,22,diesel
15561135,11,4000.0,25,diesel
21945481,10,4000.0,24,diesel
23059473,13,,16,gas
91138034,13,15000.0,19,gas
29906375,11,10000.0,15,gas
11346582,6,6000.0,21,gas
61292553,8,10000.0,15,gas
29349534,13,3000.0,16,gas
16290844,12,3000.0,22,diesel
23060231,7,3000.0,24,diesel
16825520,11,3000.0,19,gas
31955961,5,20000.0,27,diesel
23826257,9,4000.0,19,gas
14902476,8,3000.0,26,diesel
24774056,13,20000.0,17,gas
27618452,9,15000.0,18,gas
56498624,13,3000.0,17,gas
25523248,10,10000.0,25,diesel
12298240,9,3000.0,18,gas
31825609,9,20000.0,27,diesel
12052665,10,3000.0,16,gas
30977437,5,,20,
30594654,9,10000.0,22,gas
28978466,10,3000.0,20,gas
43346401,13,15000.0,23,diesel
17464939,11,10000.0,21,diesel
31794890,8,10000.0,21,gas
29006962,11,3000.0,18,gas
11968468,9,3000.0,22,diesel
22154304,9,6000.0,22,diesel
15000219,10,15000.0,22,diesel
12155785,6,15000.0,21,diesel
22622421,7,3000.0,25,diesel
31889845,8,20000.0,24,diesel
10630400,9,15000.0,19,gas
12742295,9,15000.0,20,
83629587,10,20000.0,18,gas
10390308,10,4000.0,27,diesel
17374677,8,4000.0,24,diesel
22563087,8,6000.0,20,gas
48597864,9,3000.0,15,gas
28921384,10,15000.0,26,diesel
31363807,8,15000.0,14,gas
56029484,6,10000.0,17,gas
11232163,10,10000.0,24,diesel
85069715,9,4000.0,23,diesel
18653108,6,20000.0,22,diesel
11759429,11,3000.0,14,gas
95354743,10,4000.0,17,gas
18441286,10,6000.0,23,diesel
24356102,11,10000.0,22,gas
20212074,14,6000.0,16,gas
18850246,8,10000.0,23,diesel
64894212,8,10000.0,18,diesel
10509722,10,3000.0,24,diesel
23496275,11,3000.0,17,gas
16668142,10,4000.0,23,diesel
31312028,5,4000.0,24,diesel
25805634,7,3000.0,22,gas
38324855,6,10000.0,16,gas
21949967,9,4000.0,19,gas
30336823,11,3000.0,21,diesel
19486564,8,4000.0,17,gas
26739096,8,10000.0,23,diesel
15060086,14,15000.0,18,gas
19350992,11,6000.0,22,gas
21999423,7,15000.0,26,diesel
80740040,12,15000.0,21,diesel
29378614,7,15000.0,22,diesel
16928992,8,3000.0,23,diesel
84586269,9,10000.0,25,diesel
81874052,11,10000.0,18,gas
23898198,9,15000.0,23,
84896559,10,,25,diesel
16511798,9,,17,gas
10747274,9,4000.0,22,diesel
30742689,12,3000.0,25,diesel
52057455,7,4000.0,24,diesel
25120714,7,15000.0,25,diesel
14509814,8,3000.0,20,
14875808,7,3000.0,24,diesel
13172330,4,4000.0,16,gas
30973015,10,6000.0,16,gas
96814728,12,3000.0,23,diesel
33571967,8,3000.0,16,gas
30423343,10,15000.0,15,gas
22705355,7,10000.0,18,gas
25558384,7,3000.0,13,gas
28713449,11,10000.0,17,gas
20724268,8,15000.0,24,diesel
24350497,8,6000.0,23,diesel
14849907,12,10000.0,24,diesel
82265012,11,3000.0,20,diesel
19675258,8,,22,diesel
14720175,11,3000.0,18,diesel
11889158,9,20000.0,22,diesel
21716796,11,3000.0,21,diesel
17260588,12,20000.0,24,diesel
90863204,5,20000.0,24,diesel
99047862,10,,21,diesel
51580610,10,6000.0,24,diesel
16618542,9,15000.0,18,gas
73014961,3,10000.0,18,gas
23024395,11,10000.0,23,diesel
32383950,10,15000.0,23,diesel
57863670,7,3000.0,17,gas
20276394,11,6000.0,26,diesel
21928760,13,6000.0,17,gas
27433073,8,15000.0,16,gas
25670063,10,6000.0,15,gas
27082207,12,3000.0,26,diesel
10787409,11,3000.0,23,diesel
21873226,11,15000.0,20,gas
10455714,9,15000.0,25,diesel
53208128,11,10000.0,21,diesel
29061230,12,15000.0,26,diesel
25822301,11,3000.0,19,diesel
59964723,7,15000.0,14,gas
27828495,11,,15,gas
79272556,7,3000.0,25,diesel
22421199,8,15000.0,19,diesel
65204544,10,10000.0,22,diesel
22563920,11,20000.0,18,gas
21011340,12,15000.0,16,gas
24444155,9,15000.0,19,gas
10048865,9,6000.0,21,diesel
28529541,6,,16,gas
23639934,9,,23,diesel
32479492,11,,24,diesel
11972697,9,3000.0,18,gas
28331634,9,15000.0,19,gas
15421875,10,10000.0,17,gas
61984883,8,3000.0,15,gas
27086559,8,15000.0,16,gas
16325476,11,15000.0,25,diesel
32241370,11,3000.0,20,diesel
27772723,11,4000.0,19,gas
22065392,9,15000.0,19,gas
28674842,10,10000.0,17,gas
21026790,6,15000.0,28,diesel
16560736,12,6000.0,22,diesel
46155960,10,6000.0,20,gas
25366317,10,4000.0,23,diesel
12773858,7,20000.0,24,diesel
25556132,4,15000.0,25,diesel
66365909,13,15000.0,25,diesel
27998086,8,4000.0,21,gas
26687586,13,4000.0,22,diesel
32984940,11,3000.0,20,gas
24220764,6,6000.0,17,gas
85990603,11,,18,
75281181,10,3000.0,24,diesel
33546317,8,3000.0,17,gas
91877740,7,,23,diesel
88471068,9,3000.0,22,diesel
19380767,9,3000.0,18,gas
15242565,13,20000.0,18,gas
25577731,9,15000.0,20,gas
77969688,9,20000.0,18,gas
31295807,13,3000.0,25,diesel
10234289,8,15000.0,13,gas
22220018,9,6000.0,24,diesel
21260443,8,10000.0,23,diesel
29008685,9,15000.0,17,gas
47842104,9,3000.0,16,gas
48123356,7,4000.0,19,gas
18855810,9,20000.0,23,diesel
29135433,10,6000.0,23,diesel
13131138,7,3000.0,21,diesel
10375958,12,15000.0,24,diesel
18882093,10,15000.0,21,diesel
88252334,11,20000.0,26,diesel
30794834,7,10000.0,18,gas
23236058,11,20000.0,22,diesel
61926000,11,6000.0,17,gas
21539605,8,3000.0,18,gas
21111802,8,3000.0,25,diesel
26872264,11,20000.0,26,diesel
22209237,10,15000.0,23,diesel
24288637,10,3000.0,20,gas
14046819,12,15000.0,14,gas
21048046,7,3000.0,23,diesel
33921946,6,4000.0,27,diesel
11191961,10,3000.0,15,gas
50064164,11,3000.0,17,gas
17867711,9,3000.0,17,gas
23821505,11,15000.0,19,gas
24429827,10,,16,gas
31669111,9,4000.0,24,diesel
64315497,9,15000.0,19,
26753518,8,15000.0,24,diesel
28507630,11,6000.0,23,diesel
46115322,12,10000.0,20,gas
29054232,9,3000.0,25,diesel
99981667,13,4000.0,14,gas
18507407,13,4000.0,20,gas
17036941,3,6000.0,23,diesel
10966168,10,15000.0,27,diesel
24859292,14,3000.0,16,gas
28411080,9,3000.0,22,diesel
24803038,11,10000.0,20,diesel
29791384,9,3000.0,13,gas
28641704,10,3000.0,22,diesel
18255500,9,6000.0,21,gas
33250272,9,15000.0,24,gas
12183762,7,10000.0,20,
26874710,8,3000.0,16,gas
41797401,9,4000.0,19,gas
21265684,10,4000.0,17,gas
25314663,10,15000.0,15,gas
29121332,9,4000.0,23,diesel
19289011,11,4000.0,19,gas
10495266,7,20000.0,22,diesel
14732208,10,6000.0,25,diesel
24034677,13,10000.0,21,
26911166,8,3000.0,21,diesel
68430851,10,15000.0,19,gas
25017099,7,6000.0,24,diesel
20482428,9,3000.0,24,diesel
31840617,10,3000.0,21,gas
32293070,11,6000.0,16,gas
32668232,11,6000.0,20,gas
26165649,11,3000.0,24,diesel
16013013,11,3000.0,25,diesel
21103543,9,3000.0,24,diesel
58330582,10,3000.0,19,gas
24929825,10,,21,gas
41046509,9,3000.0,22,diesel
39580514,9,6000.0,26,diesel
26459758,8,15000.0,25,diesel
15048376,9,10000.0,16,gas
29106045,12,10000.0,27,diesel
32255566,7,15000.0,16,gas
11973768,10,4000.0,25,diesel
80470212,8,6000.0,25,diesel
22112064,8,4000.0,17,gas
22239531,10,3000.0,17,gas
27585963,7,15000.0,22,diesel
93257833,11,10000.0,21,
95696710,6,15000.0,21,diesel
27668566,12,4000.0,27,diesel
15886277,11,3000.0,17,gas
26079111,6,3000.0,26,diesel
22913195,9,15000.0,17,gas
13439737,11,15000.0,15,gas
16640575,9,20000.0,21,diesel
10366123,7,6000.0,20,gas
14262671,12,15000.0,23,gas
99568033,3,15000.0,17,gas
20558404,8,3000.0,22,diesel
26511178,12,6000.0,20,diesel
25773008,9,4000.0,17,gas
14688558,8,4000.0,19,gas
14915064,9,3000.0,17,gas
57473533,8,3000.0,18,gas
26768431,11,15000.0,25,diesel
24964335,10,10000.0,16,gas
57182671,10,6000.0,24,diesel
30147233,9,4000.0,22,diesel
26768849,8,4000.0,22,diesel
40072775,10,3000.0,19,gas
32864873,7,6000.0,24,diesel
19571575,9,6000.0,18,gas
27565289,5,6000.0,22,gas
13603119,12,3000.0,24,diesel
31057269,10,15000.0,24,diesel
50812426,8,4000.0,24,diesel
14357029,9,6000.0,19,gas
12168173,9,15000.0,23,diesel
91955140,9,3000.0,26,diesel
76949042,10,15000.0,26,diesel
14560694,9,6000.0,19,gas
11189150,11,4000.0,21,diesel
31827682,9,4000.0,24,diesel
15506849,10,15000.0,26,diesel
32898016,14,6000.0,17,gas
26375094,12,,22,gas
31403868,9,4000.0,23,diesel
21680317,9,4000.0,26,diesel
26840608,10,6000.0,22,diesel
87277280,10,15000.0,20,diesel
16815307,8,4000.0,25,diesel
88231513,6,3000.0,17,gas
22748353,8,4000.0,25,diesel
18264020,9,15000.0,23,diesel
29433242,10,,18,gas
59960001,9,3000.0,23,diesel
27384735,8,4000.0,21,diesel
28641239,10,,21,diesel
61318546,8,4000.0,17,gas
25347670,14,3000.0,17,gas
21243568,8,15000.0,17,gas
24712768,14,3000.0,22,diesel
18273387,10,15000.0,23,diesel
31923822,7,20000.0,23,diesel
19112093,10,10000.0,15,gas
45849400,7,,26,diesel
95491489,10,10000.0,23,diesel
31562809,6,20000.0,23,diesel
77757333,10,3000.0,20,
33246891,10,6000.0,25,diesel
51527807,13,6000.0,19,gas
17787739,10,15000.0,17,gas
27935116,8,15000.0,21,gas
20832950,11,,20,gas
81965280,8,15000.0,17,gas
50632770,8,10000.0,23,diesel
13631150,8,4000.0,22,diesel
31692825,9,15000.0,27,diesel
59301367,9,6000.0,15,gas
38811305,7,15000.0,25,diesel
26210303,9,20000.0,24,diesel
17692634,10,10000.0,19,gas
10946672,11,20000.0,29,diesel
23110145,10,6000.0,24,diesel
63036432,11,6000.0,24,diesel
25951646,10,3000.0,20,gas
11911595,11,4000.0,20,diesel
12602955,10,3000.0,26,diesel
10491120,10,15000.0,21,gas
32501985,13,3000.0,28,diesel
88372671,10,3000.0,18,gas
12323896,11,15000.0,19,gas
11996989,13,3000.0,25,diesel
10140178,12,3000.0,23,diesel
30630049,10,,21,diesel
11275725,9,3000.0,25,diesel
18895478,9,10000.0,23,diesel
22305237,10,3000.0,24,diesel
27261804,5,4000.0,18,gas
71734543,7,10000.0,25,diesel
17142878,10,3000.0,20,gas
84718593,9,10000.0,20,gas
97021490,13,6000.0,21,diesel
12240406,12,3000.0,25,diesel
18591984,9,6000.0,16,gas
84769150,8,15000.0,16,gas
27887726,10,15000.0,21,gas
23679896,7,3000.0,25,diesel
18148503,10,4000.0,16,gas
25300316,8,6000.0,18,
78564988,11,3000.0,24,diesel
15673353,11,3000.0,17,gas
27677000,7,15000.0,19,
18663378,11,6000.0,25,diesel
57783233,10,10000.0,14,gas
67789320,13,15000.0,24,diesel
98891327,10,3000.0,28,diesel
18611599,9,,23,diesel
14840940,9,4000.0,22,diesel
29839726,10,20000.0,16,gas
83302529,10,,16,gas
24236441,12,6000.0,16,gas
31937037,15,15000.0,24,diesel
24859831,10,4000.0,22,diesel
83958550,10,3000.0,24,diesel
33788665,7,10000.0,25,diesel
66265520,12,10000.0,16,gas
76092602,12,15000.0,18,gas
27624262,9,10000.0,23,diesel
30458082,8,6000.0,17,gas
20409026,8,4000.0,22,diesel
32554054,11,15000.0,16,gas
16959470,9,3000.0,22,diesel
26946012,10,6000.0,26,diesel
39847672,14,6000.0,16,gas
25800303,9,6000.0,20,gas
13805911,11,15000.0,19,diesel
31454477,8,10000.0,21,diesel
20792581,10,15000.0,23,diesel
71137292,7,15000.0,17,gas
22786362,12,6000.0,22,diesel
31003220,9,15000.0,24,diesel
91771941,7,15000.0,24,diesel
15081964,9,3000.0,16,gas
29121693,8,10000.0,24,diesel
28775989,11,15000.0,27,diesel
12911518,9,6000.0,25,diesel
33107659,13,3000.0,17,gas
13524164,10,10000.0,25,diesel
21784492,11,6000.0,25,diesel
14232365,10,6000.0,21,diesel
44897730,11,10000.0,24,diesel
10822881,12,15000.0,18,gas
12642421,10,3000.0,25,diesel
27775623,10,6000.0,13,gas
28973978,8,3000.0,26,diesel
22458296,6,6000.0,17,gas
33867840,8,4000.0,24,diesel
18678032,9,15000.0,22,diesel
69417303,9,6000.0,24,diesel
25385693,12,15000.0,23,diesel
15771794,8,15000.0,19,gas
11370323,8,4000.0,23,diesel
13792231,10,20000.0,24,diesel
73474297,12,10000.0,18,gas
26367553,5,15000.0,19,gas
21071765,11,20000.0,18,gas
28006103,9,6000.0,21,diesel
25160188,6,10000.0,17,gas
19445339,7,10000.0,19,gas
98191873,7,15000.0,19,gas
62119001,9,20000.0,25,diesel
13779072,9,,17,gas
19167358,8,15000.0,23,diesel
19695271,13,3000.0,24,diesel
32516697,11,4000.0,28,diesel
22376424,7,6000.0,12,gas
53279386,10,3000.0,18,gas
30423832,9,4000.0,21,diesel
24136996,11,10000.0,17,gas
21539260,11,4000.0,20,diesel
32772853,8,10000.0,25,diesel
13068930,11,3000.0,22,diesel
14223048,12,3000.0,23,diesel
35475873,9,,19,gas
33994055,11,6000.0,16,gas
29299682,12,15000.0,16,gas
27188149,7,3000.0,23,diesel
64144761,10,10000.0,25,diesel
10363832,11,20000.0,26,diesel
22695998,9,20000.0,16,gas
75452905,9,4000.0,16,gas
14698380,11,3000.0,19,gas
48116553,11,6000.0,25,diesel
12156651,11,15000.0,19,gas
14907586,12,15000.0,22,
13531857,7,15000.0,17,gas
20067958,11,3000.0,19,gas
11098873,11,15000.0,20,gas
15371035,8,15000.0,24,diesel
12933975,9,20000.0,25,diesel
23562847,7,4000.0,18,gas
22126955,11,15000.0,23,diesel
98614931,8,4000.0,22,
23471751,10,15000.0,16,gas
89203390,12,6000.0,17,gas
11548897,13,15000.0,24,diesel
68963717,10,10000.0,24,diesel
33710423,6,3000.0,22,diesel
32206692,9,3000.0,21,diesel
30203269,10,3000.0,22,diesel
42092993,9,6000.0,18,gas
14058250,13,4000.0,23,diesel
29569473,9,3000.0,18,gas
48415653,11,10000.0,21,diesel
24141016,12,15000.0,25,diesel
31807145,12,3000.0,15,gas
20058612,10,3000.0,24,diesel
17407709,13,15000.0,18,gas
33677790,11,3000.0,24,diesel
81243042,11,10000.0,18,
32778747,7,4000.0,22,diesel
20958889,8,3000.0,25,diesel
41638642,10,4000.0,18,gas
72777903,12,3000.0,28,diesel
16965717,8,3000.0,20,gas
30302867,10,3000.0,24,diesel
26923239,9,3000.0,23,diesel
14638240,11,,20,gas
10248113,12,3000.0,25,diesel
31642729,8,6000.0,27,diesel
28085803,10,3000.0,13,gas
23736018,9,15000.0,24,diesel
19980822,9,10000.0,16,gas
46619422,12,,27,diesel
15821176,9,6000.0,26,diesel
33171837,10,6000.0,16,gas
86730900,8,15000.0,23,diesel
89718833,8,20000.0,22,diesel
29965111,7,3000.0,23,diesel
23496767,10,4000.0,24,diesel
30822651,9,4000.0,18,gas
82942283,8,15000.0,16,gas
14625993,10,4000.0,16,gas
10042923,7,15000.0,18,gas
90225505,10,6000.0,15,gas
74499001,12,15000.0,21,gas
33972412,10,3000.0,24,diesel
16991743,11,,24,diesel
11248098,6,4000.0,23,diesel
10489983,9,10000.0,13,gas
12823463,9,15000.0,24,diesel
21597980,6,4000.0,24,diesel
26114011,7,4000.0,22,diesel
11257008,8,10000.0,21,gas
12137340,8,15000.0,26,diesel
17386890,13,4000.0,20,gas
15302925,7,6000.0,21,diesel
35580954,10,6000.0,16,
14316933,11,15000.0,14,gas
42486624,11,6000.0,23,diesel
68645374,8,6000.0,16,gas
26142889,12,10000.0,18,gas
22811669,12,4000.0,16,gas
29780011,15,4000.0,19,gas
49158022,7,20000.0,21,diesel
22171671,8,20000.0,25,diesel
25301979,7,6000.0,23,diesel
16550307,11,4000.0,22,diesel
27061072,4,4000.0,17,gas
21531217,6,15000.0,19,gas
31534922,9,10000.0,24,diesel
18489180,4,15000.0,20,gas
47488840,10,4000.0,15,gas
74054998,8,3000.0,16,gas
23138031,6,6000.0,16,gas
18611501,11,3000.0,14,gas
15567425,7,15000.0,21,diesel
10990009,10,4000.0,16,gas
31120899,9,3000.0,20,diesel
10962127,13,3000.0,21,diesel
87511111,11,3000.0,22,diesel
29613698,7,20000.0,24,diesel
47024382,8,6000.0,21,diesel
18463805,6,10000.0,18,gas
31874571,8,3000.0,23,diesel
21162393,8,10000.0,16,gas
19970766,11,3000.0,21,diesel
24806622,11,20000.0,29,diesel
79515526,9,6000.0,19,gas
23244180,10,20000.0,20,diesel
20339561,9,6000.0,22,diesel
31028955,7,6000.0,25,diesel
20260455,11,3000.0,17,gas
60567423,9,10000.0,19,gas
44329842,8,4000.0,25,diesel
86779795,13,4000.0,24,diesel
59856374,7,15000.0,21,diesel
24763016,10,6000.0,18,gas
18945021,7,3000.0,22,diesel
89718106,10,4000.0,22,diesel
28753771,7,,17,gas
29077811,9,15000.0,27,diesel
28161729,9,3000.0,23,gas
30312694,9,3000.0,23,diesel
12526607,8,4000.0,20,diesel
10784487,8,15000.0,18,gas
24681381,11,15000.0,23,diesel
28524845,7,3000.0,26,diesel
30137411,9,10000.0,15,gas
19194234,7,20000.0,21,diesel
25976643,7,4000.0,16,gas
12814755,8,15000.0,25,diesel
31297189,11,3000.0,20,gas
20516509,3,6000.0,23,diesel
16311717,8,3000.0,24,diesel
21569652,11,20000.0,22,diesel
26292563,8,10000.0,17,gas
22554932,9,20000.0,15,gas
25536738,11,4000.0,17,gas
23309143,7,6000.0,27,diesel
33516218,11,10000.0,17,gas
27121057,8,6000.0,15,gas
14841519,13,3000.0,17,gas
79540804,10,3000.0,24,diesel
16654459,9,4000.0,19,gas
40030230,9,20000.0,20,gas
57362582,9,6000.0,21,diesel
31057971,6,10000.0,28,diesel
78446029,10,,24,diesel
81492294,11,4000.0,20,diesel
94792980,6,15000.0,21,diesel
32628678,9,6000.0,26,diesel
29956808,8,6000.0,27,diesel
18180423,12,10000.0,24,diesel
25155294,9,15000.0,28,diesel
31139762,5,20000.0,17,gas
12492275,9,3000.0,18,gas
22809517,13,10000.0,22,diesel
31770381,11,4000.0,17,gas
14310127,11,4000.0,23,diesel
11699550,13,6000.0,22,diesel
75500652,14,,22,diesel
32599168,9,10000.0,18,gas
54123965,10,15000.0,16,gas
29596705,10,15000.0,17,gas
57599938,10,3000.0,26,diesel
16132858,8,6000.0,18,
18318087,13,15000.0,17,gas
18443612,12,4000.0,24,diesel
11244695,13,,15,gas
13727292,10,3000.0,22,gas
68559076,7,6000.0,28,diesel
55617675,10,3000.0,18,gas
23007785,8,3000.0,19,gas
33834430,12,3000.0,15,gas
29401560,8,3000.0,17,gas
10635114,5,15000.0,14,gas
22182749,9,10000.0,20,gas
24216205,9,3000.0,21,diesel
25377824,9,3000.0,17,gas
14073923,9,15000.0,19,gas
27609059,14,20000.0,22,diesel
33585946,8,4000.0,23,diesel
32274242,9,15000.0,22,diesel
21098319,9,6000.0,26,diesel
81187112,12,3000.0,23,diesel
33420545,12,6000.0,14,gas
10502616,9,3000.0,24,
49603540,9,3000.0,19,gas
29624480,8,6000.0,17,gas
14882723,10,15000.0,13,gas
93428273,9,20000.0,18,gas
24628550,7,3000.0,26,diesel
29066789,5,3000.0,24,diesel
28295338,12,10000.0,22,diesel
13831242,12,10000.0,19,gas
25050875,8,3000.0,22,diesel
28817628,8,20000.0,22,diesel
19924593,11,3000.0,15,gas
25117738,9,15000.0,16,gas
20252337,9,10000.0,24,diesel
17387364,9,4000.0,27,diesel
11564121,12,4000.0,19,gas
44799976,12,10000.0,26,diesel
11316377,9,15000.0,19,gas
95480943,8,6000.0,15,gas
13322827,11,3000.0,23,diesel
22443942,14,10000.0,17,gas
32864710,12,4000.0,20,diesel
29178779,10,15000.0,29,
10180743,11,6000.0,26,diesel
72146642,10,6000.0,17,
21125310,6,4000.0,23,diesel
40423910,8,4000.0,28,diesel
60913739,11,4000.0,15,gas
19220150,7,20000.0,20,gas
23622109,8,10000.0,26,diesel
66683794,5,15000.0,24,diesel
17884689,7,6000.0,28,diesel
31766919,7,15000.0,17,gas
58866984,11,6000.0,27,diesel
25315839,10,6000.0,17,gas
18561890,7,,20,diesel
26749209,11,3000.0,21,gas
16497961,12,6000.0,17,gas
31807947,8,3000.0,22,diesel
54036321,10,15000.0,24,diesel
32865089,13,4000.0,16,gas
65974657,8,6000.0,26,diesel
20482407,7,4000.0,25,diesel
11942046,6,4000.0,16,gas
28581832,7,10000.0,23,diesel
12283835,10,15000.0,16,gas
30434751,8,6000.0,25,diesel
28760660,11,15000.0,21,diesel
51330131,6,,26,diesel
24882999,9,15000.0,24,diesel
13246528,10,3000.0,22,diesel
32053728,9,10000.0,22,diesel
88819781,8,15000.0,19,gas
94934565,11,4000.0,18,gas
33326175,7,10000.0,25,diesel
18940617,13,,24,diesel
32048264,8,10000.0,19,
13260637,11,4000.0,24,diesel
17277291,11,3000.0,22,diesel
47199758,9,3000.0,23,diesel
19301208,11,3000.0,17,gas
17017247,10,20000.0,22,diesel
26803776,7,3000.0,15,gas
94574989,9,6000.0,25,diesel
28188509,10,6000.0,25,diesel
25704375,9,20000.0,22,diesel
29432775,10,20000.0,17,gas
91982850,11,4000.0,17,gas
43523687,12,3000.0,18,gas
37595820,10,15000.0,18,gas
13999746,13,15000.0,19,gas
29843883,10,3000.0,22,diesel
25618223,10,10000.0,19,gas
28971650,8,4000.0,16,gas
58546151,12,6000.0,24,diesel
20661206,9,15000.0,27,diesel
11845171,12,10000.0,16,gas
83770030,6,4000.0,11,gas
31293981,7,4000.0,17,gas
33391952,7,6000.0,23,diesel
30142509,15,4000.0,17,gas
78735626,13,15000.0,19,gas
13193058,12,4000.0,22,diesel
30723415,8,4000.0,18,gas
21032614,11,10000.0,19,gas
17945973,11,4000.0,19,gas
21705793,14,3000.0,22,diesel
13641354,8,15000.0,26,diesel
30390425,9,6000.0,17,gas
13196565,11,3000.0,22,diesel
16246545,10,4000.0,18,gas
32388815,9,15000.0,21,diesel
22007337,12,10000.0,24,diesel
29884530,9,4000.0,17,gas
19095731,5,4000.0,16,
98052326,10,6000.0,27,diesel
11835599,10,4000.0,24,diesel
45254942,9,3000.0,21,diesel
28866540,11,3000.0,24,gas
52804295,11,10000.0,14,gas
25853258,8,3000.0,22,diesel
63170233,7,4000.0,22,diesel
20539252,8,3000.0,24,diesel
30937896,8,20000.0,17,
13701678,13,3000.0,27,diesel
29336991,9,3000.0,16,gas
32557240,11,4000.0,24,diesel
26346569,9,3000.0,24,diesel
14433691,7,3000.0,16,gas
17496529,12,3000.0,23,diesel
25374393,11,20000.0,17,
20283153,8,10000.0,17,gas
29284580,9,4000.0,16,gas
26760108,8,10000.0,14,gas
30898353,6,15000.0,26,diesel
18493697,10,4000.0,26,diesel
57580910,10,6000.0,17,gas
32111802,9,6000.0,17,gas
14969134,8,10000.0,26,diesel
24322464,12,15000.0,25,diesel
19945346,9,15000.0,23,diesel
13883923,5,15000.0,23,diesel
82081587,11,15000.0,24,diesel
18204175,7,20000.0,17,gas
27063055,12,15000.0,24,diesel
88461049,7,6000.0,21,diesel
66822391,11,6000.0,12,gas
15436397,8,10000.0,23,diesel
20205682,8,3000.0,24,diesel
85416403,11,6000.0,16,gas
26716985,7,15000.0,19,
26225733,10,3000.0,21,diesel
20698203,11,4000.0,16,gas
19424012,11,6000.0,17,gas
13734459,6,15000.0,21,diesel
32156165,10,3000.0,17,gas
24670198,9,3000.0,18,gas
69327588,10,3000.0,22,diesel
13006940,11,15000.0,23,diesel
81068169,11,15000.0,23,diesel
28450066,10,3000.0,22,gas
47398395,12,4000.0,22,diesel
24624497,11,4000.0,18,gas
33892826,9,3000.0,17,gas
33145456,10,4000.0,24,diesel
16613236,6,15000.0,18,gas
25463189,9,15000.0,19,gas
18447837,9,6000.0,19,gas
30619790,11,20000.0,19,gas
11663552,7,3000.0,24,diesel
17984100,9,3000.0,24,diesel
26411380,14,6000.0,23,diesel
22422306,10,15000.0,23,diesel
33573400,10,3000.0,17,gas
82741473,10,6000.0,29,diesel
24746768,15,6000.0,21,gas
15533946,6,15000.0,18,
27743523,9,15000.0,22,diesel
77040880,8,6000.0,20,diesel
70128697,10,4000.0,23,diesel
10299019,8,15000.0,17,gas
24233814,7,,25,diesel
10231357,10,10000.0,18,gas
20194392,10,3000.0,21,gas
30548837,11,3000.0,26,diesel
33748476,12,3000.0,19,gas
26767469,6,10000.0,16,gas
21097795,12,20000.0,18,gas
12211361,8,10000.0,23,diesel
17787573,7,15000.0,25,diesel
16368426,8,15000.0,16,gas
21394134,7,,25,diesel
49884962,7,,25,diesel
10929164,10,3000.0,26,diesel
34012654,12,20000.0,26,diesel
19790058,9,3000.0,16,gas
66668483,9,6000.0,21,gas
18721262,12,15000.0,22,diesel
25691185,8,10000.0,27,diesel
11850429,9,10000.0,27,diesel
71897727,9,6000.0,19,gas
33582463,9,6000.0,15,gas
24445769,14,6000.0,22,diesel
18899925,10,3000.0,24,diesel
38275836,11,10000.0,17,gas
26852960,10,3000.0,19,gas
17077324,12,,18,gas
96337481,10,6000.0,25,diesel
14109119,13,4000.0,26,diesel
31870298,9,20000.0,19,gas
18884690,12,6000.0,19,gas
32304949,11,10000.0,19,gas
31833859,6,10000.0,18,gas
22192218,9,15000.0,20,gas
26393061,11,4000.0,24,diesel
28754860,12,10000.0,25,diesel
20523896,11,6000.0,23,diesel
13426754,9,4000.0,21,diesel
32064593,12,10000.0,17,gas
32464396,10,3000.0,19,gas
21597433,10,20000.0,22,diesel
17779800,11,4000.0,24,diesel
92322431,10,6000.0,23,diesel
21983131,12,10000.0,22,diesel
55576857,8,3000.0,23,diesel
25470787,10,3000.0,16,gas
21016823,7,15000.0,26,diesel
26730938,11,4000.0,24,diesel
11321137,10,3000.0,19,gas
13363106,9,20000.0,19,gas
16134175,9,15000.0,20,diesel
25812199,10,6000.0,24,diesel
43629979,9,3000.0,20,gas
42300252,5,10000.0,23,diesel
24654257,9,15000.0,25,diesel
99485464,8,3000.0,19,gas
23608280,10,6000.0,18,
30856611,6,4000.0,24,diesel
62332459,9,10000.0,15,gas
31978001,8,3000.0,27,diesel
30769301,15,15000.0,25,diesel
35547382,10,3000.0,21,gas
19761644,6,3000.0,25,diesel
18091756,9,4000.0,18,gas
67906530,11,6000.0,22,diesel
13990522,11,20000.0,22,diesel
99664405,8,3000.0,22,diesel
24891855,8,10000.0,26,diesel
56671924,9,3000.0,22,diesel
30440990,8,6000.0,25,diesel
25375598,12,15000.0,24,diesel
19202933,12,4000.0,24,diesel
22469662,7,3000.0,24,diesel
10497416,11,4000.0,19,gas
29089862,7,6000.0,18,gas
16027229,11,3000.0,24,diesel
31431132,6,,17,gas
14941602,10,3000.0,24,diesel
30492373,11,10000.0,14,gas
87309070,9,6000.0,18,gas
29292035,9,6000.0,24,diesel
18307948,13,4000.0,13,gas
20946964,10,3000.0,16,gas
17974775,9,20000.0,19,gas
22916520,10,15000.0,22,diesel
33548280,7,20000.0,13,gas
30947024,12,3000.0,13,gas
18234899,10,4000.0,24,diesel
18924069,9,15000.0,21,diesel
22596717,9,15000.0,17,gas
18950712,7,15000.0,22,gas
49456947,9,6000.0,19,gas
46065982,8,6000.0,17,gas
23900894,10,4000.0,15,gas
83681090,12,6000.0,24,diesel
11402175,9,15000.0,27,diesel
29753755,10,4000.0,22,diesel
69963510,11,15000.0,24,diesel
30237242,10,6000.0,13,gas
21659663,9,3000.0,25,diesel
67390548,9,3000.0,24,diesel
27831338,7,6000.0,25,diesel
17591502,11,10000.0,25,diesel
10273980,11,4000.0,24,diesel
12719244,13,4000.0,20,gas
19747191,10,10000.0,25,diesel
14419513,11,4000.0,25,diesel
27840680,12,15000.0,18,gas
29498159,8,10000.0,24,diesel
25434518,9,3000.0,22,gas
24578714,10,3000.0,23,diesel
33500681,8,15000.0,23,diesel
23727577,9,10000.0,20,gas
28327909,10,10000.0,25,diesel
10906516,9,20000.0,27,diesel
18628134,9,15000.0,25,diesel
16291318,9,6000.0,12,gas
10008392,7,10000.0,23,diesel
63052683,7,6000.0,16,gas
50009989,14,15000.0,17,gas
83616092,14,15000.0,21,diesel
64713507,8,3000.0,19,gas
96961596,7,15000.0,18,gas
20585832,9,15000.0,16,gas
24306620,8,6000.0,24,diesel
48204624,11,4000.0,16,gas
13569760,14,15000.0,15,gas
29442078,10,20000.0,19,
98257298,6,3000.0,14,gas
26486771,9,3000.0,24,diesel
29607288,8,3000.0,18,gas
11095479,11,15000.0,21,diesel
18463455,6,20000.0,24,diesel
16430282,11,3000.0,16,gas
10187667,11,15000.0,15,gas
62808369,10,15000.0,18,gas
38689999,10,3000.0,17,gas
64897634,10,3000.0,23,diesel
13193143,6,10000.0,20,gas
16301082,11,20000.0,26,diesel
25047292,11,6000.0,19,
32628685,11,15000.0,18,gas
29017409,6,6000.0,24,diesel
69638306,11,15000.0,20,diesel
29283906,10,3000.0,19,gas
13825067,9,20000.0,28,diesel
31472253,10,4000.0,17,gas
13227936,10,4000.0,24,diesel
31664257,12,4000.0,24,diesel
10869458,12,15000.0,18,gas
23901462,12,3000.0,24,diesel
21886845,11,15000.0,24,
83766221,10,6000.0,21,
11362951,14,6000.0,15,gas
26207692,9,3000.0,21,diesel
74647097,11,4000.0,16,gas
76939443,10,20000.0,23,diesel
17287024,12,15000.0,17,gas
21936724,15,4000.0,20,diesel
19351626,10,,22,diesel
16154327,10,6000.0,24,diesel
16974912,9,3000.0,25,diesel
73084601,12,3000.0,16,gas
29754543,8,4000.0,21,diesel
50163414,8,15000.0,13,gas
22377469,12,15000.0,16,gas
53838896,8,15000.0,20,gas
20996187,8,4000.0,28,diesel
28136927,12,10000.0,16,gas
15409985,10,15000.0,25,diesel
95917365,8,4000.0,19,gas
12201083,14,,22,diesel
92186250,10,10000.0,17,gas
21201884,12,10000.0,24,diesel
74086764,11,4000.0,16,gas
11486762,8,15000.0,17,gas
51379229,7,10000.0,21,gas
54866249,9,10000.0,18,gas
16482316,11,3000.0,21,gas
75875792,8,15000.0,19,gas
45955099,7,3000.0,24,diesel
10236020,14,20000.0,27,diesel
24015925,10,15000.0,18,gas
74796611,8,6000.0,18,gas
14680861,10,4000.0,18,gas
24467813,8,4000.0,24,diesel
30111336,10,3000.0,16,gas
17366141,9,,23,diesel
60858923,8,4000.0,14,gas
31463722,11,4000.0,25,diesel
96621929,7,20000.0,17,gas
35477069,10,3000.0,19,diesel
31878880,11,3000.0,23,diesel
11610010,14,3000.0,24,diesel
12725734,8,15000.0,17,
23941587,9,6000.0,21,diesel
99016854,13,15000.0,17,gas
34009707,9,4000.0,19,diesel
23939310,10,15000.0,22,diesel
16376219,12,15000.0,27,diesel
53651873,6,15000.0,15,gas
19190763,9,3000.0,21,diesel
15372000,7,4000.0,18,gas
10868310,11,4000.0,23,diesel
26486445,10,4000.0,18,gas
33976838,10,3000.0,26,diesel
22851295,11,10000.0,17,gas
30154214,9,20000.0,19,gas
25598499,10,4000.0,17,gas
44289374,9,6000.0,16,gas
41968183,12,15000.0,22,diesel
45895754,7,,17,gas
85129439,9,6000.0,19,gas
12246257,12,3000.0,24,gas
17922122,7,15000.0,19,gas
10960110,12,4000.0,19,gas
95011081,9,10000.0,18,gas
17709480,14,15000.0,20,gas
56036368,12,15000.0,15,gas
10379022,9,3000.0,15,gas
98608929,12,20000.0,26,diesel
14708548,11,,19,gas
19336784,11,3000.0,26,diesel
56162463,11,6000.0,27,diesel
23995242,9,15000.0,18,gas
56073339,15,3000.0,25,diesel
42958017,10,3000.0,21,diesel
17070888,9,4000.0,16,gas
12063845,9,20000.0,18,gas
20951755,5,3000.0,23,diesel
30083380,7,3000.0,22,diesel
14351038,10,3000.0,16,gas
75811218,9,3000.0,23,diesel
12553048,12,,23,diesel
17898515,8,10000.0,16,gas
72508517,7,3000.0,18,gas
36435167,8,15000.0,22,gas
26126395,10,15000.0,28,diesel
59336459,10,4000.0,25,diesel
24932516,8,4000.0,23,diesel
22544092,7,20000.0,17,gas
16607545,10,15000.0,19,gas
20898520,10,3000.0,22,diesel
31038386,9,6000.0,20,gas
31815604,9,10000.0,18,gas
12166884,14,15000.0,19,gas
12857613,9,6000.0,22,diesel
84459899,11,3000.0,28,diesel
21634234,10,6000.0,17,gas
36527850,4,3000.0,26,diesel
29164114,11,15000.0,19,gas
89423614,9,3000.0,19,gas
16793343,10,15000.0,27,diesel
40564954,7,15000.0,26,diesel
29206938,9,20000.0,18,gas
28243295,9,6000.0,20,gas
13495355,8,15000.0,24,diesel
23946492,7,10000.0,24,diesel
32731637,10,6000.0,22,diesel
23286874,6,15000.0,20,diesel
37604602,11,10000.0,17,gas
10991097,13,10000.0,25,diesel
10056827,6,4000.0,25,diesel
60559337,9,6000.0,16,gas
31133482,9,4000.0,19,gas
28776587,12,3000.0,23,diesel
22231790,9,20000.0,27,diesel
17905159,7,10000.0,26,diesel
32252915,10,10000.0,25,diesel
30978201,11,10000.0,18,
78342290,10,3000.0,23,diesel
90120575,13,4000.0,21,diesel
16407705,11,3000.0,17,gas
31583570,13,15000.0,22,diesel
20828859,7,15000.0,24,diesel
13251015,10,4000.0,25,diesel
22885978,13,4000.0,18,
33570035,8,4000.0,23,diesel
18604747,8,3000.0,16,gas
32916983,10,3000.0,23,diesel
13422818,10,6000.0,23,diesel
31451827,10,15000.0,17,gas
24771733,13,15000.0,27,diesel
32555803,14,15000.0,22,gas
80360456,7,6000.0,25,diesel
16389693,14,15000.0,15,gas
29663176,11,4000.0,16,gas
15091061,8,15000.0,24,diesel
66446461,8,,15,gas
74678175,10,15000.0,17,gas
10714595,9,6000.0,23,diesel
27204262,12,15000.0,23,diesel
31057961,8,15000.0,24,diesel
96122275,9,4000.0,24,diesel
11500876,11,20000.0,25,diesel
13032213,11,3000.0,20,gas
13818055,10,6000.0,22,diesel
15253275,11,4000.0,17,gas
31823479,9,4000.0,22,diesel
12095369,8,15000.0,23,diesel
23633322,11,10000.0,24,diesel
30972126,10,15000.0,24,diesel
27715877,11,15000.0,17,
31051475,10,6000.0,17,gas
77665093,11,15000.0,23,diesel
64789793,9,3000.0,25,diesel
33325876,11,15000.0,19,
44352561,8,3000.0,24,diesel
18144529,8,3000.0,15,gas
18247041,11,15000.0,26,diesel
86291484,7,10000.0,19,diesel
31289643,6,15000.0,20,diesel
20559907,9,6000.0,28,diesel
12141617,10,3000.0,18,gas
13274951,8,10000.0,17,gas
18196993,8,15000.0,24,diesel
19360154,12,15000.0,20,diesel
12554904,11,10000.0,26,diesel
30101314,8,6000.0,18,gas
29667989,11,4000.0,15,gas
24268814,8,20000.0,16,gas
17999068,13,,17,gas
30002039,9,6000.0,23,diesel
20826347,8,10000.0,15,gas
28775810,14,10000.0,17,gas
25940992,11,10000.0,17,gas
24062736,10,10000.0,18,gas
27490665,6,3000.0,24,diesel
26822470,10,4000.0,26,diesel
20149429,7,4000.0,20,gas
29481033,9,15000.0,20,diesel
85102578,9,4000.0,26,diesel
22094647,8,20000.0,21,gas
20202019,10,4000.0,16,gas
15247179,12,6000.0,19,gas
23554931,9,20000.0,22,gas
18135510,10,3000.0,20,gas
26741519,9,6000.0,26,diesel
18084245,10,3000.0,25,diesel
39104873,7,10000.0,16,gas
18773058,10,3000.0,19,diesel
88492487,7,4000.0,25,diesel
23097077,12,4000.0,20,gas
15838682,10,10000.0,17,gas
23393825,8,20000.0,23,diesel
40343227,8,3000.0,23,diesel
21382275,12,15000.0,25,diesel
67332883,12,3000.0,22,diesel
65820129,11,4000.0,25,diesel
61165323,8,15000.0,24,diesel
16734265,9,10000.0,21,diesel
24616820,7,10000.0,23,diesel
26176222,13,,19,gas
21120933,11,15000.0,22,diesel
11848608,12,15000.0,15,gas
12975922,7,4000.0,25,diesel
27216192,7,10000.0,26,diesel
17343503,8,4000.0,23,diesel
61002733,8,10000.0,19,gas
25461065,10,3000.0,18,gas
25538488,8,10000.0,28,diesel
12036922,10,20000.0,21,gas
19606178,8,15000.0,23,diesel
26392203,6,3000.0,15,gas
15165874,8,15000.0,23,diesel
29238605,11,15000.0,26,diesel
11574692,7,6000.0,22,diesel
42839716,9,3000.0,19,gas
93764998,7,6000.0,23,diesel
35800377,8,3000.0,24,diesel
94412953,11,10000.0,26,diesel
30236733,12,6000.0,22,diesel
25681071,11,20000.0,24,diesel
68897712,9,15000.0,19,gas
15021460,8,4000.0,16,gas
15936314,13,6000.0,18,gas
86300040,11,15000.0,27,diesel
17455005,11,4000.0,23,diesel
30700835,12,3000.0,25,diesel
20539869,12,3000.0,24,diesel
31283392,9,4000.0,21,diesel
11688127,10,10000.0,19,diesel
21454082,7,6000.0,15,gas
32206460,7,3000.0,18,gas
29724606,8,3000.0,19,gas
16104031,10,15000.0,18,gas
91314732,10,3000.0,20,diesel
33267203,13,6000.0,21,diesel
42562600,10,15000.0,23,diesel
30549431,6,6000.0,16,gas
27199418,10,6000.0,13,gas
37803062,9,15000.0,17,gas
20839152,9,20000.0,23,diesel
18312744,6,15000.0,23,diesel
15483314,9,4000.0,20,diesel
19347105,8,15000.0,23,diesel
28855600,9,10000.0,23,diesel
47225350,10,15000.0,20,diesel
64799581,10,4000.0,25,diesel
27065412,10,4000.0,18,gas
29329730,10,10000.0,24,diesel
14488991,11,20000.0,20,gas
21171217,8,6000.0,20,gas
30282879,9,6000.0,23,diesel
15075117,11,15000.0,19,gas
30225264,11,6000.0,22,diesel
26385535,11,10000.0,18,diesel
26925205,10,10000.0,22,gas
31570449,10,,25,diesel
29561686,9,10000.0,21,diesel
55437819,10,3000.0,27,diesel
33861922,4,10000.0,21,diesel
24958136,8,4000.0,24,diesel
26453679,10,10000.0,15,gas
12779172,10,3000.0,22,diesel
25666034,12,20000.0,25,diesel
11362115,5,10000.0,17,gas
27773699,7,15000.0,24,diesel
77925345,12,15000.0,22,diesel
16169592,7,3000.0,26,diesel
93814071,8,6000.0,22,diesel
26591744,10,3000.0,20,diesel
14952628,9,15000.0,25,diesel
32113154,11,3000.0,19,gas
10440136,9,6000.0,23,diesel
33464796,6,4000.0,25,diesel
12388956,11,20000.0,16,gas
20658808,13,15000.0,20,diesel
29113481,12,,25,diesel
51113858,4,6000.0,24,diesel
33393849,11,10000.0,28,diesel
14758432,11,3000.0,21,diesel
26300714,8,,20,diesel
89502718,7,15000.0,22,diesel
31228870,7,20000.0,19,gas
11614287,7,6000.0,18,gas
18391727,11,15000.0,25,diesel
19398597,5,15000.0,20,gas
11353496,6,10000.0,22,diesel
25006328,10,15000.0,26,diesel
70103840,7,4000.0,14,gas
11072962,7,15000.0,20,diesel
50611944,9,4000.0,25,diesel
24066661,14,4000.0,20,gas
12457021,9,15000.0,19,diesel
12652160,9,15000.0,17,gas
12382355,7,6000.0,17,gas
33873001,10,3000.0,17,gas
18580086,7,6000.0,24,diesel
21302712,10,,16,gas
19268982,9,3000.0,26,diesel
32405230,8,15000.0,18,gas
23067645,12,6000.0,16,gas
10233490,10,6000.0,15,gas
53488335,11,3000.0,22,diesel
18405928,10,6000.0,26,diesel
15735831,13,10000.0,24,diesel
30735187,9,3000.0,24,diesel
10750770,8,4000.0,28,diesel
21772476,14,15000.0,22,diesel
12090353,10,15000.0,20,diesel
24820380,9,6000.0,17,gas
17239634,10,3000.0,24,diesel
10529747,13,20000.0,22,
32789303,7,15000.0,17,gas
31047945,10,4000.0,28,diesel
55417825,5,15000.0,16,gas
11845291,10,10000.0,20,gas
31219400,8,15000.0,22,diesel
13279767,11,3000.0,24,diesel
31370619,10,15000.0,18,gas
25830987,11,15000.0,20,diesel
33602397,8,6000.0,23,diesel
20476263,11,15000.0,20,
23294840,10,4000.0,16,gas
13785777,13,6000.0,19,gas
23455732,9,15000.0,24,diesel
38275201,10,10000.0,16,gas
26630473,12,15000.0,13,gas
12586136,10,15000.0,22,diesel
25645784,11,15000.0,25,diesel
13772166,10,6000.0,23,diesel
22423873,12,15000.0,14,gas
19625218,11,6000.0,15,gas
17886411,6,10000.0,23,diesel
24098365,11,,22,diesel
79196554,10,3000.0,19,gas
22242695,10,3000.0,17,gas
89462911,7,4000.0,24,diesel
20675169,9,10000.0,15,gas
15272377,7,15000.0,17,gas
90639626,6,3000.0,23,diesel
17792974,11,4000.0,22,diesel
17248432,11,6000.0,22,diesel
21865328,10,3000.0,15,gas
33564827,11,15000.0,24,diesel
34755903,12,4000.0,25,diesel
